{"input": "def replace_substring(s, old, new):\n    if old=='':\n        return s\n    out=[]\n    i=0\n    n=len(s)\n    m=len(old)\n    while i<n:\n        if i+m<=n and s[i:i+m]==old:\n            out.append(new)\n            i+=m\n        else:\n            out.append(s[i])\n            i+=1\n    return ''.join(out)", "output": "def test_replace_substring(): assert replace_substring('ababab','ab','X') == 'XXX'; assert replace_substring('hello','',':)') == 'hello", "source": "generate"}
{"input": "def pad_left(s, width, ch):\n    if len(s)>=width:\n        return s\n    return ch*(width-len(s))+s", "output": "def test_pad_left(): assert pad_left('42',5,'0') == '00042'; assert pad_left('hello',3,'*') == 'hello", "source": "generate"}
{"input": "def is_palindrome(word): if len(word) <= 1: return True; return word[0] == word[-1] and is_palindrome(word[1:-1])", "output": "def test_is_palindrome(): assert is_palindrome('radar') == True; assert is_palindrome('robot') == False", "source": "generate"}
{"input": "def is_palindrome(s): return s == ''.join(list(reversed(s)))", "output": "def test_is_palindrome(): assert is_palindrome('wow') == True; assert is_palindrome('great') ==. False", "source": "generate"}
{"input": "def is_palindrome(s): if not s: return True; return s[0].lower() == s[-1].lower() and is_palindrome(s[1:-1])", "output": "def test_is_palindrome(): assert is_palindrome('Racecar') == True; assert is_palindrome('OpenAI') == False", "source": "generate"}
{"input": "def is_palindrome(s): s = ''.join(ch.lower() for ch in s if ch.isalnum()); return s == s[::-1]", "output": "def test_is_palindrome(): assert is_palindrome('A Toyota's a Toyota') == True; assert is_palindrome('AI bot') == False", "source": "generate"}
{"input": "def is_palindrome(s): s = ''.join(c for c in s if c.isalnum()); return s.lower() == s[::-1].lower()", "output": "def test_is_palindrome(): assert is_palindrome('Madam, in Eden, I'm Adam') == True; assert is_palindrome('Data Science') == False", "source": "generate"}
{"input": "import string\ndef strip_punctuation(text): table = str.maketrans('', '', string.punctuation); return text.translate(table)", "output": "def test_strip_punctuation(): assert strip_punctuation('Wow!!! That's amazing.') == 'Wow Thats amazing'; assert strip_punctuation('Clean text') == 'Clean text'", "source": "generate"}
{"input": "import string\ndef strip_punctuation(s): table = str.maketrans('', '', string.punctuation); return s.translate(table)", "output": "def test_strip_punctuation(): assert strip_punctuation('I'm happy!') == 'Im happy'; assert strip_punctuation('Hello...World') == 'HelloWorld'", "source": "generate"}
{"input": "def count_uppercase(s): count = 0\n for ch in s:\n  if ch.isupper(): count += 1\n return count", "output": "def test_count_uppercase(): assert count_uppercase('PYthon') == 2; assert count_uppercase('java') == 0", "source": "generate"}
{"input": "def count_uppercase(s): count=0\n for ch in s:\n  if ch.isupper(): count+=1\n return count", "output": "def test_count_uppercase(): assert count_uppercase('HELLO world!') == 5; assert count_uppercase('world') == 0", "source": "generate"}
